{
    "Current score": 19.766666666666666,
    "Score": 19.766666666666666
}